-- Автоматически: node scripts/generate-seed.mjs — 48 товаров, 11 категорий
BEGIN;

DELETE FROM product_images;
DELETE FROM product_options;
DELETE FROM order_items;
DELETE FROM orders;
DELETE FROM cafe_items;
DELETE FROM subscription_orders;
DELETE FROM event_requests;
DELETE FROM products;
DELETE FROM categories;
DELETE FROM delivery_settings;
DELETE FROM admin_users WHERE true;

INSERT INTO categories (id, name, slug, description, image_url, display_order, is_active) VALUES
('788ec652-e684-fab8-4086-f5ef3212a7db', 'Букеты', 'bukety', 'PALOMA · раздел «Букеты»', 'https://images.unsplash.com/photo-1487530811015-780780169993?w=800&q=80', 0, true),
('05414e8f-f0e4-6ddf-bb9c-41a66931949e', 'Монобукеты', 'monobuket', 'PALOMA · раздел «Монобукеты»', 'https://images.unsplash.com/photo-1490750967868-88df5691cc28?w=800&q=80', 1, true),
('dd2f816a-3c4a-a256-8aab-b2ee5170e16a', 'Цветы в коробке', 'v-korobke', 'PALOMA · раздел «Цветы в коробке»', 'https://images.unsplash.com/photo-1518895949257-7621c3c786d7?w=800&q=80', 2, true),
('5b2de4ce-9424-07a8-fbf1-0bcee035329a', 'Пионы', 'piony', 'PALOMA · раздел «Пионы»', 'https://images.unsplash.com/photo-1584553391547-07fb6a31d46c?w=800&q=80', 3, true),
('5dbfc7f7-5f68-cdd2-903e-d71f4fdb6845', 'Розы', 'rozy', 'PALOMA · раздел «Розы»', 'https://images.unsplash.com/photo-1559181567-c3190ca9be3b?w=800&q=80', 4, true),
('816a5af7-da0c-71be-ba7a-1533b5ca1c7a', 'Сезонные', 'sezonnie', 'PALOMA · раздел «Сезонные»', 'https://images.unsplash.com/photo-1515825838458-f2a6689f0474?w=800&q=80', 5, true),
('8156eea5-78f5-f826-00de-b5dd612bbe6a', 'Готовые сегодня', 'segodnya', 'PALOMA · раздел «Готовые сегодня»', 'https://images.unsplash.com/photo-1487530811015-780780169993?w=800&q=80', 6, true),
('a9d31a36-d41c-872d-cd6c-2b9f80905dab', 'Вазы', 'vazy', 'PALOMA · раздел «Вазы»', 'https://images.unsplash.com/photo-1490750967868-88df5691cc28?w=800&q=80', 7, true),
('7bae4bdf-e2e9-b440-c7e4-26e4588456ff', 'Открытки', 'otkritki', 'PALOMA · раздел «Открытки»', 'https://images.unsplash.com/photo-1518895949257-7621c3c786d7?w=800&q=80', 8, true),
('d0683acb-4461-8378-032e-8d524834a3df', 'Кофе', 'kofe', 'PALOMA · раздел «Кофе»', 'https://images.unsplash.com/photo-1584553391547-07fb6a31d46c?w=800&q=80', 9, true),
('2112ce4e-9d77-d48b-8eff-e559c0b014cd', 'Выпечка', 'vypechka', 'PALOMA · раздел «Выпечка»', 'https://images.unsplash.com/photo-1559181567-c3190ca9be3b?w=800&q=80', 10, true);

INSERT INTO products (id, category_id, name, slug, description, price, composition, care_instructions, delivery_info, is_available, is_ready_today, display_order)
VALUES
('84534a22-0a0f-896d-cd74-0fbe03c6c923','788ec652-e684-fab8-4086-f5ef3212a7db','Композиция «Цветущий сад» №1','bukety-1-1','Плейсхолдер описания PALOMA. Фото перед отправкой. Свежие сезонные цветы. Доставка день-в-день по городам на странице доставки.',2420,'Состав подбираем из свежего сезона. По запросу согласуем палитру персонально.','Смена воды ежедневно · подрезать стебли под углом · без сквозняков и без фруктов рядом с букетом','Новороссийск, Геленджик и Анапа — уточните интервал в оформлении заказа.',true,false,1),
('96b98df6-cefa-29af-5c06-4fe3ff264f56','788ec652-e684-fab8-4086-f5ef3212a7db','Букет «Нежность» №2','bukety-2-2','Плейсхолдер описания PALOMA. Фото перед отправкой. Свежие сезонные цветы. Доставка день-в-день по городам на странице доставки.',2640,'Состав подбираем из свежего сезона. По запросу согласуем палитру персонально.','Смена воды ежедневно · подрезать стебли под углом · без сквозняков и без фруктов рядом с букетом','Новороссийск, Геленджик и Анапа — уточните интервал в оформлении заказа.',true,false,2),
('c1c3e5f3-e9dc-9995-f093-7eb15647ac5c','788ec652-e684-fab8-4086-f5ef3212a7db','Авторский букет «Утро моря» №3','bukety-3-3','Плейсхолдер описания PALOMA. Фото перед отправкой. Свежие сезонные цветы. Доставка день-в-день по городам на странице доставки.',2860,'Состав подбираем из свежего сезона. По запросу согласуем палитру персонально.','Смена воды ежедневно · подрезать стебли под углом · без сквозняков и без фруктов рядом с букетом','Новороссийск, Геленджик и Анапа — уточните интервал в оформлении заказа.',true,false,3),
('0851eb90-3f7d-933c-0fb7-6d81c0250e4b','788ec652-e684-fab8-4086-f5ef3212a7db','Композиция «Цветущий сад» №4','bukety-4-4','Плейсхолдер описания PALOMA. Фото перед отправкой. Свежие сезонные цветы. Доставка день-в-день по городам на странице доставки.',3080,'Состав подбираем из свежего сезона. По запросу согласуем палитру персонально.','Смена воды ежедневно · подрезать стебли под углом · без сквозняков и без фруктов рядом с букетом','Новороссийск, Геленджик и Анапа — уточните интервал в оформлении заказа.',true,false,4),
('2edfef00-4a61-a41a-2c32-2bbfc941b432','788ec652-e684-fab8-4086-f5ef3212a7db','Букет «Нежность» №5','bukety-5-5','Плейсхолдер описания PALOMA. Фото перед отправкой. Свежие сезонные цветы. Доставка день-в-день по городам на странице доставки.',3300,'Состав подбираем из свежего сезона. По запросу согласуем палитру персонально.','Смена воды ежедневно · подрезать стебли под углом · без сквозняков и без фруктов рядом с букетом','Новороссийск, Геленджик и Анапа — уточните интервал в оформлении заказа.',true,false,5),
('5a873813-467d-8126-e37f-a59ded4b510b','788ec652-e684-fab8-4086-f5ef3212a7db','Авторский букет «Утро моря» №6','bukety-6-6','Плейсхолдер описания PALOMA. Фото перед отправкой. Свежие сезонные цветы. Доставка день-в-день по городам на странице доставки.',3520,'Состав подбираем из свежего сезона. По запросу согласуем палитру персонально.','Смена воды ежедневно · подрезать стебли под углом · без сквозняков и без фруктов рядом с букетом','Новороссийск, Геленджик и Анапа — уточните интервал в оформлении заказа.',true,false,6),
('79711192-ce48-03c8-d971-ad6c6f47316d','788ec652-e684-fab8-4086-f5ef3212a7db','Композиция «Цветущий сад» №7','bukety-7-7','Плейсхолдер описания PALOMA. Фото перед отправкой. Свежие сезонные цветы. Доставка день-в-день по городам на странице доставки.',3740,'Состав подбираем из свежего сезона. По запросу согласуем палитру персонально.','Смена воды ежедневно · подрезать стебли под углом · без сквозняков и без фруктов рядом с букетом','Новороссийск, Геленджик и Анапа — уточните интервал в оформлении заказа.',true,false,7),
('3b186907-0c45-8c1e-40fb-b946dd45aea5','05414e8f-f0e4-6ddf-bb9c-41a66931949e','Монохромный «Тишина» №1','monobuket-1-8','Плейсхолдер описания PALOMA. Фото перед отправкой. Свежие сезонные цветы. Доставка день-в-день по городам на странице доставки.',3960,'Состав подбираем из свежего сезона. По запросу согласуем палитру персонально.','Смена воды ежедневно · подрезать стебли под углом · без сквозняков и без фруктов рядом с букетом','Новороссийск, Геленджик и Анапа — уточните интервал в оформлении заказа.',true,false,8),
('0d8b5122-8b6c-1da7-8ea3-a2ffe5956a79','05414e8f-f0e4-6ddf-bb9c-41a66931949e','Один вид «Чистота» №2','monobuket-2-9','Плейсхолдер описания PALOMA. Фото перед отправкой. Свежие сезонные цветы. Доставка день-в-день по городам на странице доставки.',4180,'Состав подбираем из свежего сезона. По запросу согласуем палитру персонально.','Смена воды ежедневно · подрезать стебли под углом · без сквозняков и без фруктов рядом с букетом','Новороссийск, Геленджик и Анапа — уточните интервал в оформлении заказа.',true,false,9),
('2d50346c-83d0-0c32-31ce-68dac3370849','05414e8f-f0e4-6ddf-bb9c-41a66931949e','Монобукет «Одна история» №3','monobuket-3-10','Плейсхолдер описания PALOMA. Фото перед отправкой. Свежие сезонные цветы. Доставка день-в-день по городам на странице доставки.',4400,'Состав подбираем из свежего сезона. По запросу согласуем палитру персонально.','Смена воды ежедневно · подрезать стебли под углом · без сквозняков и без фруктов рядом с букетом','Новороссийск, Геленджик и Анапа — уточните интервал в оформлении заказа.',true,false,10),
('9302121a-2b14-2cb7-d12d-8506b5b847ba','05414e8f-f0e4-6ddf-bb9c-41a66931949e','Монохромный «Тишина» №4','monobuket-4-11','Плейсхолдер описания PALOMA. Фото перед отправкой. Свежие сезонные цветы. Доставка день-в-день по городам на странице доставки.',4620,'Состав подбираем из свежего сезона. По запросу согласуем палитру персонально.','Смена воды ежедневно · подрезать стебли под углом · без сквозняков и без фруктов рядом с букетом','Новороссийск, Геленджик и Анапа — уточните интервал в оформлении заказа.',true,false,11),
('276678be-8f3b-689d-6821-82e8527250f3','05414e8f-f0e4-6ddf-bb9c-41a66931949e','Один вид «Чистота» №5','monobuket-5-12','Плейсхолдер описания PALOMA. Фото перед отправкой. Свежие сезонные цветы. Доставка день-в-день по городам на странице доставки.',4840,'Состав подбираем из свежего сезона. По запросу согласуем палитру персонально.','Смена воды ежедневно · подрезать стебли под углом · без сквозняков и без фруктов рядом с букетом','Новороссийск, Геленджик и Анапа — уточните интервал в оформлении заказа.',true,false,12),
('1762fe81-8089-0691-f715-990ec7b6bca2','dd2f816a-3c4a-a256-8aab-b2ee5170e16a','Коробка с цветами «Лён» №1','e-v-korobke-1-13','Плейсхолдер описания PALOMA. Фото перед отправкой. Свежие сезонные цветы. Доставка день-в-день по городам на странице доставки.',5060,'Состав подбираем из свежего сезона. По запросу согласуем палитру персонально.','Смена воды ежедневно · подрезать стебли под углом · без сквозняков и без фруктов рядом с букетом','Новороссийск, Геленджик и Анапа — уточните интервал в оформлении заказа.',true,false,13),
('3359682a-b1d3-6b19-9eee-75d4072ba9d8','dd2f816a-3c4a-a256-8aab-b2ee5170e16a','Коробочная сборка «Пудра» №2','v-korobke-2-14','Плейсхолдер описания PALOMA. Фото перед отправкой. Свежие сезонные цветы. Доставка день-в-день по городам на странице доставки.',5280,'Состав подбираем из свежего сезона. По запросу согласуем палитру персонально.','Смена воды ежедневно · подрезать стебли под углом · без сквозняков и без фруктов рядом с букетом','Новороссийск, Геленджик и Анапа — уточните интервал в оформлении заказа.',true,false,14),
('c7eda52a-2ac1-8e3d-3e0d-b3bd18b1c222','dd2f816a-3c4a-a256-8aab-b2ee5170e16a','Коробка с цветами «Лён» №3','e-v-korobke-3-15','Плейсхолдер описания PALOMA. Фото перед отправкой. Свежие сезонные цветы. Доставка день-в-день по городам на странице доставки.',5500,'Состав подбираем из свежего сезона. По запросу согласуем палитру персонально.','Смена воды ежедневно · подрезать стебли под углом · без сквозняков и без фруктов рядом с букетом','Новороссийск, Геленджик и Анапа — уточните интервал в оформлении заказа.',true,false,15),
('b86c89ed-a45e-dad1-8e10-ded6df41c2f5','dd2f816a-3c4a-a256-8aab-b2ee5170e16a','Коробочная сборка «Пудра» №4','v-korobke-4-16','Плейсхолдер описания PALOMA. Фото перед отправкой. Свежие сезонные цветы. Доставка день-в-день по городам на странице доставки.',5720,'Состав подбираем из свежего сезона. По запросу согласуем палитру персонально.','Смена воды ежедневно · подрезать стебли под углом · без сквозняков и без фруктов рядом с букетом','Новороссийск, Геленджик и Анапа — уточните интервал в оформлении заказа.',true,false,16),
('555cccb4-eaf2-575b-18a4-73a82744ae38','5b2de4ce-9424-07a8-fbf1-0bcee035329a','Пионовый акцент №1','piony-1-17','Плейсхолдер описания PALOMA. Фото перед отправкой. Свежие сезонные цветы. Доставка день-в-день по городам на странице доставки.',5940,'Состав подбираем из свежего сезона. По запросу согласуем палитру персонально.','Смена воды ежедневно · подрезать стебли под углом · без сквозняков и без фруктов рядом с букетом','Новороссийск, Геленджик и Анапа — уточните интервал в оформлении заказа.',true,false,17),
('a57f83c6-3368-8c5f-f17c-a80678b0dc16','5b2de4ce-9424-07a8-fbf1-0bcee035329a','Пионы «Облако» №2','piony-2-18','Плейсхолдер описания PALOMA. Фото перед отправкой. Свежие сезонные цветы. Доставка день-в-день по городам на странице доставки.',6160,'Состав подбираем из свежего сезона. По запросу согласуем палитру персонально.','Смена воды ежедневно · подрезать стебли под углом · без сквозняков и без фруктов рядом с букетом','Новороссийск, Геленджик и Анапа — уточните интервал в оформлении заказа.',true,false,18),
('02fc8e1a-9d00-52b7-f69b-44ecc8d516dc','5b2de4ce-9424-07a8-fbf1-0bcee035329a','Пионовый акцент №3','piony-3-19','Плейсхолдер описания PALOMA. Фото перед отправкой. Свежие сезонные цветы. Доставка день-в-день по городам на странице доставки.',6380,'Состав подбираем из свежего сезона. По запросу согласуем палитру персонально.','Смена воды ежедневно · подрезать стебли под углом · без сквозняков и без фруктов рядом с букетом','Новороссийск, Геленджик и Анапа — уточните интервал в оформлении заказа.',true,false,19),
('f4b56dad-d973-3944-aee1-228866379de7','5dbfc7f7-5f68-cdd2-903e-d71f4fdb6845','Розовая линия «Классика» №1','rozy-1-20','Плейсхолдер описания PALOMA. Фото перед отправкой. Свежие сезонные цветы. Доставка день-в-день по городам на странице доставки.',6600,'Состав подбираем из свежего сезона. По запросу согласуем палитру персонально.','Смена воды ежедневно · подрезать стебли под углом · без сквозняков и без фруктов рядом с букетом','Новороссийск, Геленджик и Анапа — уточните интервал в оформлении заказа.',true,false,20),
('ca0893b8-200f-41c0-7a3b-508fead6b860','5dbfc7f7-5f68-cdd2-903e-d71f4fdb6845','Розы премиум «Шёлк» №2','e-rozy-2-21','Плейсхолдер описания PALOMA. Фото перед отправкой. Свежие сезонные цветы. Доставка день-в-день по городам на странице доставки.',6820,'Состав подбираем из свежего сезона. По запросу согласуем палитру персонально.','Смена воды ежедневно · подрезать стебли под углом · без сквозняков и без фруктов рядом с букетом','Новороссийск, Геленджик и Анапа — уточните интервал в оформлении заказа.',true,false,21),
('208a73e1-5de3-6e28-055b-585cb2049c62','5dbfc7f7-5f68-cdd2-903e-d71f4fdb6845','Розовая линия «Классика» №3','rozy-3-22','Плейсхолдер описания PALOMA. Фото перед отправкой. Свежие сезонные цветы. Доставка день-в-день по городам на странице доставки.',7040,'Состав подбираем из свежего сезона. По запросу согласуем палитру персонально.','Смена воды ежедневно · подрезать стебли под углом · без сквозняков и без фруктов рядом с букетом','Новороссийск, Геленджик и Анапа — уточните интервал в оформлении заказа.',true,false,22),
('a2aaa7b1-7a24-60c9-e567-3a1caa741e59','5dbfc7f7-5f68-cdd2-903e-d71f4fdb6845','Розы премиум «Шёлк» №4','e-rozy-4-23','Плейсхолдер описания PALOMA. Фото перед отправкой. Свежие сезонные цветы. Доставка день-в-день по городам на странице доставки.',7260,'Состав подбираем из свежего сезона. По запросу согласуем палитру персонально.','Смена воды ежедневно · подрезать стебли под углом · без сквозняков и без фруктов рядом с букетом','Новороссийск, Геленджик и Анапа — уточните интервал в оформлении заказа.',true,false,23),
('7d034da8-8faf-551d-d201-d5cdabc38cd9','816a5af7-da0c-71be-ba7a-1533b5ca1c7a','Сборка по сезону №1','sezonnie-1-24','Плейсхолдер описания PALOMA. Фото перед отправкой. Свежие сезонные цветы. Доставка день-в-день по городам на странице доставки.',7480,'Состав подбираем из свежего сезона. По запросу согласуем палитру персонально.','Смена воды ежедневно · подрезать стебли под углом · без сквозняков и без фруктов рядом с букетом','Новороссийск, Геленджик и Анапа — уточните интервал в оформлении заказа.',true,false,24),
('596063c5-e45e-6d3f-c13c-5235db6f784f','816a5af7-da0c-71be-ba7a-1533b5ca1c7a','Сезонный авторский №2','sezonnie-2-25','Плейсхолдер описания PALOMA. Фото перед отправкой. Свежие сезонные цветы. Доставка день-в-день по городам на странице доставки.',7700,'Состав подбираем из свежего сезона. По запросу согласуем палитру персонально.','Смена воды ежедневно · подрезать стебли под углом · без сквозняков и без фруктов рядом с букетом','Новороссийск, Геленджик и Анапа — уточните интервал в оформлении заказа.',true,false,25),
('aa965a31-7841-3055-5023-71f4a25357fd','816a5af7-da0c-71be-ba7a-1533b5ca1c7a','Сборка по сезону №3','sezonnie-3-26','Плейсхолдер описания PALOMA. Фото перед отправкой. Свежие сезонные цветы. Доставка день-в-день по городам на странице доставки.',7920,'Состав подбираем из свежего сезона. По запросу согласуем палитру персонально.','Смена воды ежедневно · подрезать стебли под углом · без сквозняков и без фруктов рядом с букетом','Новороссийск, Геленджик и Анапа — уточните интервал в оформлении заказа.',true,false,26),
('b85ceee7-4f6c-7960-2cb2-de106ecf89e2','816a5af7-da0c-71be-ba7a-1533b5ca1c7a','Сезонный авторский №4','sezonnie-4-27','Плейсхолдер описания PALOMA. Фото перед отправкой. Свежие сезонные цветы. Доставка день-в-день по городам на странице доставки.',8140,'Состав подбираем из свежего сезона. По запросу согласуем палитру персонально.','Смена воды ежедневно · подрезать стебли под углом · без сквозняков и без фруктов рядом с букетом','Новороссийск, Геленджик и Анапа — уточните интервал в оформлении заказа.',true,false,27),
('f76813cf-b7b6-b100-2696-6d30e9f22f5f','8156eea5-78f5-f826-00de-b5dd612bbe6a','Сегодня в студии №1','segodnya-1-28','Плейсхолдер описания PALOMA. Фото перед отправкой. Свежие сезонные цветы. Доставка день-в-день по городам на странице доставки.',8360,'Состав подбираем из свежего сезона. По запросу согласуем палитру персонально.','Смена воды ежедневно · подрезать стебли под углом · без сквозняков и без фруктов рядом с букетом','Новороссийск, Геленджик и Анапа — уточните интервал в оформлении заказа.',true,true,28),
('ec738852-76d6-0c5f-1e2f-c84a73b81b55','8156eea5-78f5-f826-00de-b5dd612bbe6a','Готов сегодня — свежая сборка 2','2-segodnya-2-29','Плейсхолдер описания PALOMA. Фото перед отправкой. Свежие сезонные цветы. Доставка день-в-день по городам на странице доставки.',8580,'Состав подбираем из свежего сезона. По запросу согласуем палитру персонально.','Смена воды ежедневно · подрезать стебли под углом · без сквозняков и без фруктов рядом с букетом','Новороссийск, Геленджик и Анапа — уточните интервал в оформлении заказа.',true,true,29),
('6b2e6897-bf9b-005a-361c-2729bf14bf44','8156eea5-78f5-f826-00de-b5dd612bbe6a','Сегодня в студии №3','segodnya-3-30','Плейсхолдер описания PALOMA. Фото перед отправкой. Свежие сезонные цветы. Доставка день-в-день по городам на странице доставки.',8800,'Состав подбираем из свежего сезона. По запросу согласуем палитру персонально.','Смена воды ежедневно · подрезать стебли под углом · без сквозняков и без фруктов рядом с букетом','Новороссийск, Геленджик и Анапа — уточните интервал в оформлении заказа.',true,true,30),
('5b12cb79-5b91-5602-83bf-3bc994403163','8156eea5-78f5-f826-00de-b5dd612bbe6a','Готов сегодня — свежая сборка 4','4-segodnya-4-31','Плейсхолдер описания PALOMA. Фото перед отправкой. Свежие сезонные цветы. Доставка день-в-день по городам на странице доставки.',2200,'Состав подбираем из свежего сезона. По запросу согласуем палитру персонально.','Смена воды ежедневно · подрезать стебли под углом · без сквозняков и без фруктов рядом с букетом','Новороссийск, Геленджик и Анапа — уточните интервал в оформлении заказа.',true,true,31),
('00e9c82a-24e6-f293-d72a-588c62859fb8','a9d31a36-d41c-872d-cd6c-2b9f80905dab','Стеклянная колба «Тон» №1','vazy-1-32','Плейсхолдер описания PALOMA. Фото перед отправкой. Свежие сезонные цветы. Доставка день-в-день по городам на странице доставки.',3180,'Керамика / стекло. Подойдёт к среднему и высокому букету.','Смена воды ежедневно · подрезать стебли под углом · без сквозняков и без фруктов рядом с букетом','Новороссийск, Геленджик и Анапа — уточните интервал в оформлении заказа.',true,false,32),
('ac16e398-b09d-b25d-782f-c34d6914731c','a9d31a36-d41c-872d-cd6c-2b9f80905dab','Ваза к букету №2','vazy-2-33','Плейсхолдер описания PALOMA. Фото перед отправкой. Свежие сезонные цветы. Доставка день-в-день по городам на странице доставки.',3360,'Керамика / стекло. Подойдёт к среднему и высокому букету.','Смена воды ежедневно · подрезать стебли под углом · без сквозняков и без фруктов рядом с букетом','Новороссийск, Геленджик и Анапа — уточните интервал в оформлении заказа.',true,false,33),
('1decce72-7ec2-de58-ba60-c4fedf54146d','a9d31a36-d41c-872d-cd6c-2b9f80905dab','Керамическая ваза №3','vazy-3-34','Плейсхолдер описания PALOMA. Фото перед отправкой. Свежие сезонные цветы. Доставка день-в-день по городам на странице доставки.',3540,'Керамика / стекло. Подойдёт к среднему и высокому букету.','Смена воды ежедневно · подрезать стебли под углом · без сквозняков и без фруктов рядом с букетом','Новороссийск, Геленджик и Анапа — уточните интервал в оформлении заказа.',true,false,34),
('8c4af5ff-7460-a519-bb0a-faf5dcd015fb','a9d31a36-d41c-872d-cd6c-2b9f80905dab','Стеклянная колба «Тон» №4','vazy-4-35','Плейсхолдер описания PALOMA. Фото перед отправкой. Свежие сезонные цветы. Доставка день-в-день по городам на странице доставки.',3720,'Керамика / стекло. Подойдёт к среднему и высокому букету.','Смена воды ежедневно · подрезать стебли под углом · без сквозняков и без фруктов рядом с букетом','Новороссийск, Геленджик и Анапа — уточните интервал в оформлении заказа.',true,false,35),
('82b94c5f-c5a7-f00e-bc5f-d0c13b092e4b','a9d31a36-d41c-872d-cd6c-2b9f80905dab','Ваза к букету №5','vazy-5-36','Плейсхолдер описания PALOMA. Фото перед отправкой. Свежие сезонные цветы. Доставка день-в-день по городам на странице доставки.',3900,'Керамика / стекло. Подойдёт к среднему и высокому букету.','Смена воды ежедневно · подрезать стебли под углом · без сквозняков и без фруктов рядом с букетом','Новороссийск, Геленджик и Анапа — уточните интервал в оформлении заказа.',true,false,36),
('41fbec3a-2b1e-51d7-81ad-d7e9704893a1','7bae4bdf-e2e9-b440-c7e4-26e4588456ff','Конверт PALOMA №1','paloma-otkritki-1-37','Плейсхолдер описания PALOMA. Фото перед отправкой. Свежие сезонные цветы. Доставка день-в-день по городам на странице доставки.',300,'Состав подбираем из свежего сезона. По запросу согласуем палитру персонально.','Смена воды ежедневно · подрезать стебли под углом · без сквозняков и без фруктов рядом с букетом','Новороссийск, Геленджик и Анапа — уточните интервал в оформлении заказа.',true,false,37),
('3a7f8465-ecd2-5216-b562-a48dc6d31d6a','7bae4bdf-e2e9-b440-c7e4-26e4588456ff','Открытка паломная №2','otkritki-2-38','Плейсхолдер описания PALOMA. Фото перед отправкой. Свежие сезонные цветы. Доставка день-в-день по городам на странице доставки.',340,'Состав подбираем из свежего сезона. По запросу согласуем палитру персонально.','Смена воды ежедневно · подрезать стебли под углом · без сквозняков и без фруктов рядом с букетом','Новороссийск, Геленджик и Анапа — уточните интервал в оформлении заказа.',true,false,38),
('20413b44-9fbb-cc7d-3829-a8b4ed2c1fb8','7bae4bdf-e2e9-b440-c7e4-26e4588456ff','Конверт PALOMA №3','paloma-otkritki-3-39','Плейсхолдер описания PALOMA. Фото перед отправкой. Свежие сезонные цветы. Доставка день-в-день по городам на странице доставки.',380,'Состав подбираем из свежего сезона. По запросу согласуем палитру персонально.','Смена воды ежедневно · подрезать стебли под углом · без сквозняков и без фруктов рядом с букетом','Новороссийск, Геленджик и Анапа — уточните интервал в оформлении заказа.',true,false,39),
('ab21ce5d-82fd-f7b0-14b5-1bd9de847173','d0683acb-4461-8378-032e-8d524834a3df','Капучино «Молочный шёлк» №1','e-kofe-1-40','Плейсхолдер описания PALOMA. Фото перед отправкой. Свежие сезонные цветы. Доставка день-в-день по городам на странице доставки.',420,'Состав подбираем из свежего сезона. По запросу согласуем палитру персонально.','Смена воды ежедневно · подрезать стебли под углом · без сквозняков и без фруктов рядом с букетом','Новороссийск, Геленджик и Анапа — уточните интервал в оформлении заказа.',true,false,40),
('5e3a4c04-ef33-b571-c15e-f4a383a3c314','d0683acb-4461-8378-032e-8d524834a3df','Флэт уайт №2','kofe-2-41','Плейсхолдер описания PALOMA. Фото перед отправкой. Свежие сезонные цветы. Доставка день-в-день по городам на странице доставки.',460,'Состав подбираем из свежего сезона. По запросу согласуем палитру персонально.','Смена воды ежедневно · подрезать стебли под углом · без сквозняков и без фруктов рядом с букетом','Новороссийск, Геленджик и Анапа — уточните интервал в оформлении заказа.',true,false,41),
('c78d0bff-d5d3-c05f-208d-32637cb2308b','d0683acb-4461-8378-032e-8d524834a3df','Эспрессо PALOMA №3','paloma-kofe-3-42','Плейсхолдер описания PALOMA. Фото перед отправкой. Свежие сезонные цветы. Доставка день-в-день по городам на странице доставки.',500,'Состав подбираем из свежего сезона. По запросу согласуем палитру персонально.','Смена воды ежедневно · подрезать стебли под углом · без сквозняков и без фруктов рядом с букетом','Новороссийск, Геленджик и Анапа — уточните интервал в оформлении заказа.',true,false,42),
('3c79aee9-5878-a98e-43d6-6d81d78ef297','d0683acb-4461-8378-032e-8d524834a3df','Капучино «Молочный шёлк» №4','e-kofe-4-43','Плейсхолдер описания PALOMA. Фото перед отправкой. Свежие сезонные цветы. Доставка день-в-день по городам на странице доставки.',540,'Состав подбираем из свежего сезона. По запросу согласуем палитру персонально.','Смена воды ежедневно · подрезать стебли под углом · без сквозняков и без фруктов рядом с букетом','Новороссийск, Геленджик и Анапа — уточните интервал в оформлении заказа.',true,false,43),
('31d9cca9-3861-ab34-f451-7abbfb2de9c6','d0683acb-4461-8378-032e-8d524834a3df','Флэт уайт №5','kofe-5-44','Плейсхолдер описания PALOMA. Фото перед отправкой. Свежие сезонные цветы. Доставка день-в-день по городам на странице доставки.',580,'Состав подбираем из свежего сезона. По запросу согласуем палитру персонально.','Смена воды ежедневно · подрезать стебли под углом · без сквозняков и без фруктов рядом с букетом','Новороссийск, Геленджик и Анапа — уточните интервал в оформлении заказа.',true,false,44),
('00b14d81-2f77-658b-894e-556579c951af','2112ce4e-9d77-d48b-8eff-e559c0b014cd','Улитка корица №1','vypechka-1-45','Плейсхолдер описания PALOMA. Фото перед отправкой. Свежие сезонные цветы. Доставка день-в-день по городам на странице доставки.',620,'Состав подбираем из свежего сезона. По запросу согласуем палитру персонально.','Смена воды ежедневно · подрезать стебли под углом · без сквозняков и без фруктов рядом с букетом','Новороссийск, Геленджик и Анапа — уточните интервал в оформлении заказа.',true,false,45),
('14f90397-7fed-a094-b950-7adf2a6ead5d','2112ce4e-9d77-d48b-8eff-e559c0b014cd','Пирожное паломское №2','vypechka-2-46','Плейсхолдер описания PALOMA. Фото перед отправкой. Свежие сезонные цветы. Доставка день-в-день по городам на странице доставки.',660,'Состав подбираем из свежего сезона. По запросу согласуем палитру персонально.','Смена воды ежедневно · подрезать стебли под углом · без сквозняков и без фруктов рядом с букетом','Новороссийск, Геленджик и Анапа — уточните интервал в оформлении заказа.',true,false,46),
('8ca27a28-fa4b-f972-6f93-e4f57b22471d','2112ce4e-9d77-d48b-8eff-e559c0b014cd','Круассан сливочный №3','vypechka-3-47','Плейсхолдер описания PALOMA. Фото перед отправкой. Свежие сезонные цветы. Доставка день-в-день по городам на странице доставки.',700,'Состав подбираем из свежего сезона. По запросу согласуем палитру персонально.','Смена воды ежедневно · подрезать стебли под углом · без сквозняков и без фруктов рядом с букетом','Новороссийск, Геленджик и Анапа — уточните интервал в оформлении заказа.',true,false,47),
('92ec8b8b-2404-4935-0070-fb9258312375','2112ce4e-9d77-d48b-8eff-e559c0b014cd','Улитка корица №4','vypechka-4-48','Плейсхолдер описания PALOMA. Фото перед отправкой. Свежие сезонные цветы. Доставка день-в-день по городам на странице доставки.',740,'Состав подбираем из свежего сезона. По запросу согласуем палитру персонально.','Смена воды ежедневно · подрезать стебли под углом · без сквозняков и без фруктов рядом с букетом','Новороссийск, Геленджик и Анапа — уточните интервал в оформлении заказа.',true,false,48);

INSERT INTO product_images (id, product_id, image_url, display_order, alt_text) VALUES
('d5ec9c7a-613c-a0c8-187a-bcd4533f8b55','84534a22-0a0f-896d-cd74-0fbe03c6c923','https://images.unsplash.com/photo-1490750967868-88df5691cc28?w=800&q=80',1,'Композиция «Цветущий сад» №1'),
('9eccc6f7-d94c-33be-e050-d667905d960f','96b98df6-cefa-29af-5c06-4fe3ff264f56','https://images.unsplash.com/photo-1518895949257-7621c3c786d7?w=800&q=80',1,'Букет «Нежность» №2'),
('4130aadf-2e67-1625-e201-32eda5900b4d','c1c3e5f3-e9dc-9995-f093-7eb15647ac5c','https://images.unsplash.com/photo-1584553391547-07fb6a31d46c?w=800&q=80',1,'Авторский букет «Утро моря» №3'),
('0d0c9d9a-5f7f-92bb-62df-6a6a8de03b04','0851eb90-3f7d-933c-0fb7-6d81c0250e4b','https://images.unsplash.com/photo-1559181567-c3190ca9be3b?w=800&q=80',1,'Композиция «Цветущий сад» №4'),
('abc7ee54-f24f-a11e-5c8c-8f69ea125fa0','2edfef00-4a61-a41a-2c32-2bbfc941b432','https://images.unsplash.com/photo-1515825838458-f2a6689f0474?w=800&q=80',1,'Букет «Нежность» №5'),
('3977c306-f781-8ccc-dc5c-a47051d15c17','5a873813-467d-8126-e37f-a59ded4b510b','https://images.unsplash.com/photo-1487530811015-780780169993?w=800&q=80',1,'Авторский букет «Утро моря» №6'),
('b9e297bc-8c64-c9b4-4030-303df3a5620d','79711192-ce48-03c8-d971-ad6c6f47316d','https://images.unsplash.com/photo-1490750967868-88df5691cc28?w=800&q=80',1,'Композиция «Цветущий сад» №7'),
('5c495ec3-e81a-ef1d-7329-01547cf0deba','3b186907-0c45-8c1e-40fb-b946dd45aea5','https://images.unsplash.com/photo-1518895949257-7621c3c786d7?w=800&q=80',1,'Монохромный «Тишина» №1'),
('ecef29d2-4dc5-513a-dbc8-7b1942848267','0d8b5122-8b6c-1da7-8ea3-a2ffe5956a79','https://images.unsplash.com/photo-1584553391547-07fb6a31d46c?w=800&q=80',1,'Один вид «Чистота» №2'),
('4d28febb-9682-1075-f65d-127f5b33d485','2d50346c-83d0-0c32-31ce-68dac3370849','https://images.unsplash.com/photo-1559181567-c3190ca9be3b?w=800&q=80',1,'Монобукет «Одна история» №3'),
('842719b4-1171-1d78-921d-3c63a4973e4f','9302121a-2b14-2cb7-d12d-8506b5b847ba','https://images.unsplash.com/photo-1515825838458-f2a6689f0474?w=800&q=80',1,'Монохромный «Тишина» №4'),
('10cc4481-0f48-1a32-75ca-c9a2f5d64279','276678be-8f3b-689d-6821-82e8527250f3','https://images.unsplash.com/photo-1487530811015-780780169993?w=800&q=80',1,'Один вид «Чистота» №5'),
('3f198de5-31fc-b8d3-4b56-f485a6a4130e','1762fe81-8089-0691-f715-990ec7b6bca2','https://images.unsplash.com/photo-1490750967868-88df5691cc28?w=800&q=80',1,'Коробка с цветами «Лён» №1'),
('059ebd59-6e8b-2d1d-eec1-40db4fdb06d9','3359682a-b1d3-6b19-9eee-75d4072ba9d8','https://images.unsplash.com/photo-1518895949257-7621c3c786d7?w=800&q=80',1,'Коробочная сборка «Пудра» №2'),
('08e974b7-5ebd-6a8d-398a-7309c4bac46f','c7eda52a-2ac1-8e3d-3e0d-b3bd18b1c222','https://images.unsplash.com/photo-1584553391547-07fb6a31d46c?w=800&q=80',1,'Коробка с цветами «Лён» №3'),
('380bea73-b4b9-9a69-0e47-9b74aaa61c9c','b86c89ed-a45e-dad1-8e10-ded6df41c2f5','https://images.unsplash.com/photo-1559181567-c3190ca9be3b?w=800&q=80',1,'Коробочная сборка «Пудра» №4'),
('fd44b1c5-0714-2ea9-0da0-95ab01fb5da9','555cccb4-eaf2-575b-18a4-73a82744ae38','https://images.unsplash.com/photo-1515825838458-f2a6689f0474?w=800&q=80',1,'Пионовый акцент №1'),
('1341ca01-1b4c-d374-cf18-2737f24c3e59','a57f83c6-3368-8c5f-f17c-a80678b0dc16','https://images.unsplash.com/photo-1487530811015-780780169993?w=800&q=80',1,'Пионы «Облако» №2'),
('c4d038f4-fcea-4d62-028b-8bf305e040b7','02fc8e1a-9d00-52b7-f69b-44ecc8d516dc','https://images.unsplash.com/photo-1490750967868-88df5691cc28?w=800&q=80',1,'Пионовый акцент №3'),
('c8bbf0c0-5ba0-28b1-c6e6-1e1f8bc86485','f4b56dad-d973-3944-aee1-228866379de7','https://images.unsplash.com/photo-1518895949257-7621c3c786d7?w=800&q=80',1,'Розовая линия «Классика» №1'),
('c58d8c85-4085-0612-4a1d-b4060f269aa0','ca0893b8-200f-41c0-7a3b-508fead6b860','https://images.unsplash.com/photo-1584553391547-07fb6a31d46c?w=800&q=80',1,'Розы премиум «Шёлк» №2'),
('346e49c7-8012-3349-3e1d-32e8d56e1539','208a73e1-5de3-6e28-055b-585cb2049c62','https://images.unsplash.com/photo-1559181567-c3190ca9be3b?w=800&q=80',1,'Розовая линия «Классика» №3'),
('61b75eb8-ccc9-c6f3-2bad-6610414d5386','a2aaa7b1-7a24-60c9-e567-3a1caa741e59','https://images.unsplash.com/photo-1515825838458-f2a6689f0474?w=800&q=80',1,'Розы премиум «Шёлк» №4'),
('fbfcd2b6-b276-cd33-491e-e24ded74bb2b','7d034da8-8faf-551d-d201-d5cdabc38cd9','https://images.unsplash.com/photo-1487530811015-780780169993?w=800&q=80',1,'Сборка по сезону №1'),
('5a5ca9f0-7515-d56e-a855-b655956b9d79','596063c5-e45e-6d3f-c13c-5235db6f784f','https://images.unsplash.com/photo-1490750967868-88df5691cc28?w=800&q=80',1,'Сезонный авторский №2'),
('5976c25e-8578-1cc7-b30f-45b6d6f7c7d1','aa965a31-7841-3055-5023-71f4a25357fd','https://images.unsplash.com/photo-1518895949257-7621c3c786d7?w=800&q=80',1,'Сборка по сезону №3'),
('1eec24f1-e39d-8b65-56a5-b1f3b43a1626','b85ceee7-4f6c-7960-2cb2-de106ecf89e2','https://images.unsplash.com/photo-1584553391547-07fb6a31d46c?w=800&q=80',1,'Сезонный авторский №4'),
('437333b5-20a5-b9e2-9b07-411d2416c623','f76813cf-b7b6-b100-2696-6d30e9f22f5f','https://images.unsplash.com/photo-1559181567-c3190ca9be3b?w=800&q=80',1,'Сегодня в студии №1'),
('22a1c749-1a81-9f35-e59f-f1c4f9aa79d5','ec738852-76d6-0c5f-1e2f-c84a73b81b55','https://images.unsplash.com/photo-1515825838458-f2a6689f0474?w=800&q=80',1,'Готов сегодня — свежая сборка 2'),
('da503644-d6a3-3d29-1c82-d6a386af3657','6b2e6897-bf9b-005a-361c-2729bf14bf44','https://images.unsplash.com/photo-1487530811015-780780169993?w=800&q=80',1,'Сегодня в студии №3'),
('47ce005a-e06c-54d3-0b6d-5add4c23c02d','5b12cb79-5b91-5602-83bf-3bc994403163','https://images.unsplash.com/photo-1490750967868-88df5691cc28?w=800&q=80',1,'Готов сегодня — свежая сборка 4'),
('34126933-d0e7-b3c9-12f3-acccf908a5da','00e9c82a-24e6-f293-d72a-588c62859fb8','https://images.unsplash.com/photo-1518895949257-7621c3c786d7?w=800&q=80',1,'Стеклянная колба «Тон» №1'),
('60667245-d064-bfae-2ce7-633783e915d3','ac16e398-b09d-b25d-782f-c34d6914731c','https://images.unsplash.com/photo-1584553391547-07fb6a31d46c?w=800&q=80',1,'Ваза к букету №2'),
('956e20d9-5b31-8eef-2589-19905ac44c72','1decce72-7ec2-de58-ba60-c4fedf54146d','https://images.unsplash.com/photo-1559181567-c3190ca9be3b?w=800&q=80',1,'Керамическая ваза №3'),
('712767b5-cb1d-206e-4621-8c66050548f2','8c4af5ff-7460-a519-bb0a-faf5dcd015fb','https://images.unsplash.com/photo-1515825838458-f2a6689f0474?w=800&q=80',1,'Стеклянная колба «Тон» №4'),
('db6c40e0-00e1-6b0b-c289-559c3b9d6ef3','82b94c5f-c5a7-f00e-bc5f-d0c13b092e4b','https://images.unsplash.com/photo-1487530811015-780780169993?w=800&q=80',1,'Ваза к букету №5'),
('6f8c041e-086a-3947-50e8-f70fe8bca6d9','41fbec3a-2b1e-51d7-81ad-d7e9704893a1','https://images.unsplash.com/photo-1490750967868-88df5691cc28?w=800&q=80',1,'Конверт PALOMA №1'),
('54c6e03d-36e2-a441-dd28-8237fa0d69b9','3a7f8465-ecd2-5216-b562-a48dc6d31d6a','https://images.unsplash.com/photo-1518895949257-7621c3c786d7?w=800&q=80',1,'Открытка паломная №2'),
('15ae369c-4573-7ef2-344f-19d4edc30ebe','20413b44-9fbb-cc7d-3829-a8b4ed2c1fb8','https://images.unsplash.com/photo-1584553391547-07fb6a31d46c?w=800&q=80',1,'Конверт PALOMA №3'),
('e0e715f1-287f-e324-c750-561c4b397adf','ab21ce5d-82fd-f7b0-14b5-1bd9de847173','https://images.unsplash.com/photo-1559181567-c3190ca9be3b?w=800&q=80',1,'Капучино «Молочный шёлк» №1'),
('b8832a3e-adff-d723-0fa6-40a0f769bc7f','5e3a4c04-ef33-b571-c15e-f4a383a3c314','https://images.unsplash.com/photo-1515825838458-f2a6689f0474?w=800&q=80',1,'Флэт уайт №2'),
('da40fedf-daed-1ef0-8e6b-bff6b0765bc4','c78d0bff-d5d3-c05f-208d-32637cb2308b','https://images.unsplash.com/photo-1487530811015-780780169993?w=800&q=80',1,'Эспрессо PALOMA №3'),
('7100af90-e392-7f54-0ffe-bb168066dcf6','3c79aee9-5878-a98e-43d6-6d81d78ef297','https://images.unsplash.com/photo-1490750967868-88df5691cc28?w=800&q=80',1,'Капучино «Молочный шёлк» №4'),
('61036bbe-d68b-a4cc-adb1-586a0b4bcbd7','31d9cca9-3861-ab34-f451-7abbfb2de9c6','https://images.unsplash.com/photo-1518895949257-7621c3c786d7?w=800&q=80',1,'Флэт уайт №5'),
('13b0f62c-41ba-43e9-da6d-27a8d04deb83','00b14d81-2f77-658b-894e-556579c951af','https://images.unsplash.com/photo-1584553391547-07fb6a31d46c?w=800&q=80',1,'Улитка корица №1'),
('9a8a1eda-4483-b639-a978-2243c0bdad40','14f90397-7fed-a094-b950-7adf2a6ead5d','https://images.unsplash.com/photo-1559181567-c3190ca9be3b?w=800&q=80',1,'Пирожное паломское №2'),
('f1544723-3747-982f-5d1b-f2e2f03a601b','8ca27a28-fa4b-f972-6f93-e4f57b22471d','https://images.unsplash.com/photo-1515825838458-f2a6689f0474?w=800&q=80',1,'Круассан сливочный №3'),
('e815d817-c06d-1a17-c3d8-d37294d2795e','92ec8b8b-2404-4935-0070-fb9258312375','https://images.unsplash.com/photo-1487530811015-780780169993?w=800&q=80',1,'Улитка корица №4');

INSERT INTO delivery_settings (city, free_delivery_threshold, paid_delivery_cost, is_active) VALUES
('Новороссийск', 5000, 350, true),
('Геленджик', 5000, 500, true),
('Анапа', 5000, 550, true);

INSERT INTO cafe_items (name, category, description, price, image_url, is_available, display_order) VALUES
('Эспрессо', 'coffee', 'Обжарка недели PALOMA', 180, 'https://images.unsplash.com/photo-1487530811015-780780169993?w=800&q=80', true, 1),
('Капучино', 'coffee', 'Молоко и два шота', 250, 'https://images.unsplash.com/photo-1490750967868-88df5691cc28?w=800&q=80', true, 2),
('Круассан', 'pastry', 'Сливочный, из печи', 220, 'https://images.unsplash.com/photo-1559181567-c3190ca9be3b?w=800&q=80', true, 10);

COMMIT;
